file,n_channels,channels
chb01_01.edf,22,FP1-F7,F7-T7,T7-P7,P7-O1,FP1-F3,F3-C3,C3-P3,P3-O1,FP2-F4,F4-C4,C4-P4,P4-O2,FP2-F8,F8-T8,T8-P8-0,P8-O2,FZ-CZ,CZ-PZ,P7-T7,T7-FT9,FT9-FT10,T8-P8-1
chb01_02.edf,22,FP1-F7,F7-T7,T7-P7,P7-O1,FP1-F3,F3-C3,C3-P3,P3-O1,FP2-F4,F4-C4,C4-P4,P4-O2,FP2-F8,F8-T8,T8-P8-0,P8-O2,FZ-CZ,CZ-PZ,P7-T7,T7-FT9,FT9-FT10,T8-P8-1
chb01_03.edf,22,FP1-F7,F7-T7,T7-P7,P7-O1,FP1-F3,F3-C3,C3-P3,P3-O1,FP2-F4,F4-C4,C4-P4,P4-O2,FP2-F8,F8-T8,T8-P8-0,P8-O2,FZ-CZ,CZ-PZ,P7-T7,T7-FT9,FT9-FT10,T8-P8-1
chb01_04.edf,22,FP1-F7,F7-T7,T7-P7,P7-O1,FP1-F3,F3-C3,C3-P3,P3-O1,FP2-F4,F4-C4,C4-P4,P4-O2,FP2-F8,F8-T8,T8-P8-0,P8-O2,FZ-CZ,CZ-PZ,P7-T7,T7-FT9,FT9-FT10,T8-P8-1
chb01_05.edf,22,FP1-F7,F7-T7,T7-P7,P7-O1,FP1-F3,F3-C3,C3-P3,P3-O1,FP2-F4,F4-C4,C4-P4,P4-O2,FP2-F8,F8-T8,T8-P8-0,P8-O2,FZ-CZ,CZ-PZ,P7-T7,T7-FT9,FT9-FT10,T8-P8-1
chb01_06.edf,22,FP1-F7,F7-T7,T7-P7,P7-O1,FP1-F3,F3-C3,C3-P3,P3-O1,FP2-F4,F4-C4,C4-P4,P4-O2,FP2-F8,F8-T8,T8-P8-0,P8-O2,FZ-CZ,CZ-PZ,P7-T7,T7-FT9,FT9-FT10,T8-P8-1
chb01_07.edf,22,FP1-F7,F7-T7,T7-P7,P7-O1,FP1-F3,F3-C3,C3-P3,P3-O1,FP2-F4,F4-C4,C4-P4,P4-O2,FP2-F8,F8-T8,T8-P8-0,P8-O2,FZ-CZ,CZ-PZ,P7-T7,T7-FT9,FT9-FT10,T8-P8-1
chb01_08.edf,22,FP1-F7,F7-T7,T7-P7,P7-O1,FP1-F3,F3-C3,C3-P3,P3-O1,FP2-F4,F4-C4,C4-P4,P4-O2,FP2-F8,F8-T8,T8-P8-0,P8-O2,FZ-CZ,CZ-PZ,P7-T7,T7-FT9,FT9-FT10,T8-P8-1
chb01_09.edf,22,FP1-F7,F7-T7,T7-P7,P7-O1,FP1-F3,F3-C3,C3-P3,P3-O1,FP2-F4,F4-C4,C4-P4,P4-O2,FP2-F8,F8-T8,T8-P8-0,P8-O2,FZ-CZ,CZ-PZ,P7-T7,T7-FT9,FT9-FT10,T8-P8-1
chb01_10.edf,22,FP1-F7,F7-T7,T7-P7,P7-O1,FP1-F3,F3-C3,C3-P3,P3-O1,FP2-F4,F4-C4,C4-P4,P4-O2,FP2-F8,F8-T8,T8-P8-0,P8-O2,FZ-CZ,CZ-PZ,P7-T7,T7-FT9,FT9-FT10,T8-P8-1
chb01_11.edf,22,FP1-F7,F7-T7,T7-P7,P7-O1,FP1-F3,F3-C3,C3-P3,P3-O1,FP2-F4,F4-C4,C4-P4,P4-O2,FP2-F8,F8-T8,T8-P8-0,P8-O2,FZ-CZ,CZ-PZ,P7-T7,T7-FT9,FT9-FT10,T8-P8-1
chb01_12.edf,22,FP1-F7,F7-T7,T7-P7,P7-O1,FP1-F3,F3-C3,C3-P3,P3-O1,FP2-F4,F4-C4,C4-P4,P4-O2,FP2-F8,F8-T8,T8-P8-0,P8-O2,FZ-CZ,CZ-PZ,P7-T7,T7-FT9,FT9-FT10,T8-P8-1
chb01_13.edf,22,FP1-F7,F7-T7,T7-P7,P7-O1,FP1-F3,F3-C3,C3-P3,P3-O1,FP2-F4,F4-C4,C4-P4,P4-O2,FP2-F8,F8-T8,T8-P8-0,P8-O2,FZ-CZ,CZ-PZ,P7-T7,T7-FT9,FT9-FT10,T8-P8-1
chb01_14.edf,22,FP1-F7,F7-T7,T7-P7,P7-O1,FP1-F3,F3-C3,C3-P3,P3-O1,FP2-F4,F4-C4,C4-P4,P4-O2,FP2-F8,F8-T8,T8-P8-0,P8-O2,FZ-CZ,CZ-PZ,P7-T7,T7-FT9,FT9-FT10,T8-P8-1
chb01_15.edf,22,FP1-F7,F7-T7,T7-P7,P7-O1,FP1-F3,F3-C3,C3-P3,P3-O1,FP2-F4,F4-C4,C4-P4,P4-O2,FP2-F8,F8-T8,T8-P8-0,P8-O2,FZ-CZ,CZ-PZ,P7-T7,T7-FT9,FT9-FT10,T8-P8-1
chb01_16.edf,22,FP1-F7,F7-T7,T7-P7,P7-O1,FP1-F3,F3-C3,C3-P3,P3-O1,FP2-F4,F4-C4,C4-P4,P4-O2,FP2-F8,F8-T8,T8-P8-0,P8-O2,FZ-CZ,CZ-PZ,P7-T7,T7-FT9,FT9-FT10,T8-P8-1
chb01_17.edf,22,FP1-F7,F7-T7,T7-P7,P7-O1,FP1-F3,F3-C3,C3-P3,P3-O1,FP2-F4,F4-C4,C4-P4,P4-O2,FP2-F8,F8-T8,T8-P8-0,P8-O2,FZ-CZ,CZ-PZ,P7-T7,T7-FT9,FT9-FT10,T8-P8-1
chb01_18.edf,22,FP1-F7,F7-T7,T7-P7,P7-O1,FP1-F3,F3-C3,C3-P3,P3-O1,FP2-F4,F4-C4,C4-P4,P4-O2,FP2-F8,F8-T8,T8-P8-0,P8-O2,FZ-CZ,CZ-PZ,P7-T7,T7-FT9,FT9-FT10,T8-P8-1
chb01_19.edf,22,FP1-F7,F7-T7,T7-P7,P7-O1,FP1-F3,F3-C3,C3-P3,P3-O1,FP2-F4,F4-C4,C4-P4,P4-O2,FP2-F8,F8-T8,T8-P8-0,P8-O2,FZ-CZ,CZ-PZ,P7-T7,T7-FT9,FT9-FT10,T8-P8-1
chb01_20.edf,22,FP1-F7,F7-T7,T7-P7,P7-O1,FP1-F3,F3-C3,C3-P3,P3-O1,FP2-F4,F4-C4,C4-P4,P4-O2,FP2-F8,F8-T8,T8-P8-0,P8-O2,FZ-CZ,CZ-PZ,P7-T7,T7-FT9,FT9-FT10,T8-P8-1
chb01_21.edf,22,FP1-F7,F7-T7,T7-P7,P7-O1,FP1-F3,F3-C3,C3-P3,P3-O1,FP2-F4,F4-C4,C4-P4,P4-O2,FP2-F8,F8-T8,T8-P8-0,P8-O2,FZ-CZ,CZ-PZ,P7-T7,T7-FT9,FT9-FT10,T8-P8-1
chb01_22.edf,22,FP1-F7,F7-T7,T7-P7,P7-O1,FP1-F3,F3-C3,C3-P3,P3-O1,FP2-F4,F4-C4,C4-P4,P4-O2,FP2-F8,F8-T8,T8-P8-0,P8-O2,FZ-CZ,CZ-PZ,P7-T7,T7-FT9,FT9-FT10,T8-P8-1
chb01_23.edf,22,FP1-F7,F7-T7,T7-P7,P7-O1,FP1-F3,F3-C3,C3-P3,P3-O1,FP2-F4,F4-C4,C4-P4,P4-O2,FP2-F8,F8-T8,T8-P8-0,P8-O2,FZ-CZ,CZ-PZ,P7-T7,T7-FT9,FT9-FT10,T8-P8-1
chb01_24.edf,22,FP1-F7,F7-T7,T7-P7,P7-O1,FP1-F3,F3-C3,C3-P3,P3-O1,FP2-F4,F4-C4,C4-P4,P4-O2,FP2-F8,F8-T8,T8-P8-0,P8-O2,FZ-CZ,CZ-PZ,P7-T7,T7-FT9,FT9-FT10,T8-P8-1
chb01_25.edf,22,FP1-F7,F7-T7,T7-P7,P7-O1,FP1-F3,F3-C3,C3-P3,P3-O1,FP2-F4,F4-C4,C4-P4,P4-O2,FP2-F8,F8-T8,T8-P8-0,P8-O2,FZ-CZ,CZ-PZ,P7-T7,T7-FT9,FT9-FT10,T8-P8-1
chb01_26.edf,22,FP1-F7,F7-T7,T7-P7,P7-O1,FP1-F3,F3-C3,C3-P3,P3-O1,FP2-F4,F4-C4,C4-P4,P4-O2,FP2-F8,F8-T8,T8-P8-0,P8-O2,FZ-CZ,CZ-PZ,P7-T7,T7-FT9,FT9-FT10,T8-P8-1
chb01_27.edf,22,FP1-F7,F7-T7,T7-P7,P7-O1,FP1-F3,F3-C3,C3-P3,P3-O1,FP2-F4,F4-C4,C4-P4,P4-O2,FP2-F8,F8-T8,T8-P8-0,P8-O2,FZ-CZ,CZ-PZ,P7-T7,T7-FT9,FT9-FT10,T8-P8-1
chb01_29.edf,22,FP1-F7,F7-T7,T7-P7,P7-O1,FP1-F3,F3-C3,C3-P3,P3-O1,FP2-F4,F4-C4,C4-P4,P4-O2,FP2-F8,F8-T8,T8-P8-0,P8-O2,FZ-CZ,CZ-PZ,P7-T7,T7-FT9,FT9-FT10,T8-P8-1
chb01_30.edf,22,FP1-F7,F7-T7,T7-P7,P7-O1,FP1-F3,F3-C3,C3-P3,P3-O1,FP2-F4,F4-C4,C4-P4,P4-O2,FP2-F8,F8-T8,T8-P8-0,P8-O2,FZ-CZ,CZ-PZ,P7-T7,T7-FT9,FT9-FT10,T8-P8-1
chb01_31.edf,22,FP1-F7,F7-T7,T7-P7,P7-O1,FP1-F3,F3-C3,C3-P3,P3-O1,FP2-F4,F4-C4,C4-P4,P4-O2,FP2-F8,F8-T8,T8-P8-0,P8-O2,FZ-CZ,CZ-PZ,P7-T7,T7-FT9,FT9-FT10,T8-P8-1
chb01_32.edf,22,FP1-F7,F7-T7,T7-P7,P7-O1,FP1-F3,F3-C3,C3-P3,P3-O1,FP2-F4,F4-C4,C4-P4,P4-O2,FP2-F8,F8-T8,T8-P8-0,P8-O2,FZ-CZ,CZ-PZ,P7-T7,T7-FT9,FT9-FT10,T8-P8-1
chb01_33.edf,22,FP1-F7,F7-T7,T7-P7,P7-O1,FP1-F3,F3-C3,C3-P3,P3-O1,FP2-F4,F4-C4,C4-P4,P4-O2,FP2-F8,F8-T8,T8-P8-0,P8-O2,FZ-CZ,CZ-PZ,P7-T7,T7-FT9,FT9-FT10,T8-P8-1
chb01_34.edf,22,FP1-F7,F7-T7,T7-P7,P7-O1,FP1-F3,F3-C3,C3-P3,P3-O1,FP2-F4,F4-C4,C4-P4,P4-O2,FP2-F8,F8-T8,T8-P8-0,P8-O2,FZ-CZ,CZ-PZ,P7-T7,T7-FT9,FT9-FT10,T8-P8-1
chb01_36.edf,22,FP1-F7,F7-T7,T7-P7,P7-O1,FP1-F3,F3-C3,C3-P3,P3-O1,FP2-F4,F4-C4,C4-P4,P4-O2,FP2-F8,F8-T8,T8-P8-0,P8-O2,FZ-CZ,CZ-PZ,P7-T7,T7-FT9,FT9-FT10,T8-P8-1
chb01_37.edf,22,FP1-F7,F7-T7,T7-P7,P7-O1,FP1-F3,F3-C3,C3-P3,P3-O1,FP2-F4,F4-C4,C4-P4,P4-O2,FP2-F8,F8-T8,T8-P8-0,P8-O2,FZ-CZ,CZ-PZ,P7-T7,T7-FT9,FT9-FT10,T8-P8-1
chb01_38.edf,22,FP1-F7,F7-T7,T7-P7,P7-O1,FP1-F3,F3-C3,C3-P3,P3-O1,FP2-F4,F4-C4,C4-P4,P4-O2,FP2-F8,F8-T8,T8-P8-0,P8-O2,FZ-CZ,CZ-PZ,P7-T7,T7-FT9,FT9-FT10,T8-P8-1
chb01_39.edf,22,FP1-F7,F7-T7,T7-P7,P7-O1,FP1-F3,F3-C3,C3-P3,P3-O1,FP2-F4,F4-C4,C4-P4,P4-O2,FP2-F8,F8-T8,T8-P8-0,P8-O2,FZ-CZ,CZ-PZ,P7-T7,T7-FT9,FT9-FT10,T8-P8-1
chb01_40.edf,22,FP1-F7,F7-T7,T7-P7,P7-O1,FP1-F3,F3-C3,C3-P3,P3-O1,FP2-F4,F4-C4,C4-P4,P4-O2,FP2-F8,F8-T8,T8-P8-0,P8-O2,FZ-CZ,CZ-PZ,P7-T7,T7-FT9,FT9-FT10,T8-P8-1
chb01_41.edf,22,FP1-F7,F7-T7,T7-P7,P7-O1,FP1-F3,F3-C3,C3-P3,P3-O1,FP2-F4,F4-C4,C4-P4,P4-O2,FP2-F8,F8-T8,T8-P8-0,P8-O2,FZ-CZ,CZ-PZ,P7-T7,T7-FT9,FT9-FT10,T8-P8-1
chb01_42.edf,22,FP1-F7,F7-T7,T7-P7,P7-O1,FP1-F3,F3-C3,C3-P3,P3-O1,FP2-F4,F4-C4,C4-P4,P4-O2,FP2-F8,F8-T8,T8-P8-0,P8-O2,FZ-CZ,CZ-PZ,P7-T7,T7-FT9,FT9-FT10,T8-P8-1
chb01_43.edf,22,FP1-F7,F7-T7,T7-P7,P7-O1,FP1-F3,F3-C3,C3-P3,P3-O1,FP2-F4,F4-C4,C4-P4,P4-O2,FP2-F8,F8-T8,T8-P8-0,P8-O2,FZ-CZ,CZ-PZ,P7-T7,T7-FT9,FT9-FT10,T8-P8-1
chb01_46.edf,22,FP1-F7,F7-T7,T7-P7,P7-O1,FP1-F3,F3-C3,C3-P3,P3-O1,FP2-F4,F4-C4,C4-P4,P4-O2,FP2-F8,F8-T8,T8-P8-0,P8-O2,FZ-CZ,CZ-PZ,P7-T7,T7-FT9,FT9-FT10,T8-P8-1
chb02_01.edf,22,FP1-F7,F7-T7,T7-P7,P7-O1,FP1-F3,F3-C3,C3-P3,P3-O1,FP2-F4,F4-C4,C4-P4,P4-O2,FP2-F8,F8-T8,T8-P8-0,P8-O2,FZ-CZ,CZ-PZ,P7-T7,T7-FT9,FT9-FT10,T8-P8-1
chb02_02.edf,22,FP1-F7,F7-T7,T7-P7,P7-O1,FP1-F3,F3-C3,C3-P3,P3-O1,FP2-F4,F4-C4,C4-P4,P4-O2,FP2-F8,F8-T8,T8-P8-0,P8-O2,FZ-CZ,CZ-PZ,P7-T7,T7-FT9,FT9-FT10,T8-P8-1
chb02_03.edf,22,FP1-F7,F7-T7,T7-P7,P7-O1,FP1-F3,F3-C3,C3-P3,P3-O1,FP2-F4,F4-C4,C4-P4,P4-O2,FP2-F8,F8-T8,T8-P8-0,P8-O2,FZ-CZ,CZ-PZ,P7-T7,T7-FT9,FT9-FT10,T8-P8-1
chb02_04.edf,22,FP1-F7,F7-T7,T7-P7,P7-O1,FP1-F3,F3-C3,C3-P3,P3-O1,FP2-F4,F4-C4,C4-P4,P4-O2,FP2-F8,F8-T8,T8-P8-0,P8-O2,FZ-CZ,CZ-PZ,P7-T7,T7-FT9,FT9-FT10,T8-P8-1
chb02_05.edf,22,FP1-F7,F7-T7,T7-P7,P7-O1,FP1-F3,F3-C3,C3-P3,P3-O1,FP2-F4,F4-C4,C4-P4,P4-O2,FP2-F8,F8-T8,T8-P8-0,P8-O2,FZ-CZ,CZ-PZ,P7-T7,T7-FT9,FT9-FT10,T8-P8-1
chb02_06.edf,22,FP1-F7,F7-T7,T7-P7,P7-O1,FP1-F3,F3-C3,C3-P3,P3-O1,FP2-F4,F4-C4,C4-P4,P4-O2,FP2-F8,F8-T8,T8-P8-0,P8-O2,FZ-CZ,CZ-PZ,P7-T7,T7-FT9,FT9-FT10,T8-P8-1
chb02_07.edf,22,FP1-F7,F7-T7,T7-P7,P7-O1,FP1-F3,F3-C3,C3-P3,P3-O1,FP2-F4,F4-C4,C4-P4,P4-O2,FP2-F8,F8-T8,T8-P8-0,P8-O2,FZ-CZ,CZ-PZ,P7-T7,T7-FT9,FT9-FT10,T8-P8-1
chb02_08.edf,22,FP1-F7,F7-T7,T7-P7,P7-O1,FP1-F3,F3-C3,C3-P3,P3-O1,FP2-F4,F4-C4,C4-P4,P4-O2,FP2-F8,F8-T8,T8-P8-0,P8-O2,FZ-CZ,CZ-PZ,P7-T7,T7-FT9,FT9-FT10,T8-P8-1
chb02_09.edf,22,FP1-F7,F7-T7,T7-P7,P7-O1,FP1-F3,F3-C3,C3-P3,P3-O1,FP2-F4,F4-C4,C4-P4,P4-O2,FP2-F8,F8-T8,T8-P8-0,P8-O2,FZ-CZ,CZ-PZ,P7-T7,T7-FT9,FT9-FT10,T8-P8-1
chb02_10.edf,22,FP1-F7,F7-T7,T7-P7,P7-O1,FP1-F3,F3-C3,C3-P3,P3-O1,FP2-F4,F4-C4,C4-P4,P4-O2,FP2-F8,F8-T8,T8-P8-0,P8-O2,FZ-CZ,CZ-PZ,P7-T7,T7-FT9,FT9-FT10,T8-P8-1
chb02_11.edf,22,FP1-F7,F7-T7,T7-P7,P7-O1,FP1-F3,F3-C3,C3-P3,P3-O1,FP2-F4,F4-C4,C4-P4,P4-O2,FP2-F8,F8-T8,T8-P8-0,P8-O2,FZ-CZ,CZ-PZ,P7-T7,T7-FT9,FT9-FT10,T8-P8-1
chb02_12.edf,22,FP1-F7,F7-T7,T7-P7,P7-O1,FP1-F3,F3-C3,C3-P3,P3-O1,FP2-F4,F4-C4,C4-P4,P4-O2,FP2-F8,F8-T8,T8-P8-0,P8-O2,FZ-CZ,CZ-PZ,P7-T7,T7-FT9,FT9-FT10,T8-P8-1
chb02_13.edf,22,FP1-F7,F7-T7,T7-P7,P7-O1,FP1-F3,F3-C3,C3-P3,P3-O1,FP2-F4,F4-C4,C4-P4,P4-O2,FP2-F8,F8-T8,T8-P8-0,P8-O2,FZ-CZ,CZ-PZ,P7-T7,T7-FT9,FT9-FT10,T8-P8-1
chb02_14.edf,22,FP1-F7,F7-T7,T7-P7,P7-O1,FP1-F3,F3-C3,C3-P3,P3-O1,FP2-F4,F4-C4,C4-P4,P4-O2,FP2-F8,F8-T8,T8-P8-0,P8-O2,FZ-CZ,CZ-PZ,P7-T7,T7-FT9,FT9-FT10,T8-P8-1
chb02_15.edf,22,FP1-F7,F7-T7,T7-P7,P7-O1,FP1-F3,F3-C3,C3-P3,P3-O1,FP2-F4,F4-C4,C4-P4,P4-O2,FP2-F8,F8-T8,T8-P8-0,P8-O2,FZ-CZ,CZ-PZ,P7-T7,T7-FT9,FT9-FT10,T8-P8-1
chb02_16+.edf,22,FP1-F7,F7-T7,T7-P7,P7-O1,FP1-F3,F3-C3,C3-P3,P3-O1,FP2-F4,F4-C4,C4-P4,P4-O2,FP2-F8,F8-T8,T8-P8-0,P8-O2,FZ-CZ,CZ-PZ,P7-T7,T7-FT9,FT9-FT10,T8-P8-1
chb02_16.edf,22,FP1-F7,F7-T7,T7-P7,P7-O1,FP1-F3,F3-C3,C3-P3,P3-O1,FP2-F4,F4-C4,C4-P4,P4-O2,FP2-F8,F8-T8,T8-P8-0,P8-O2,FZ-CZ,CZ-PZ,P7-T7,T7-FT9,FT9-FT10,T8-P8-1
chb02_17.edf,22,FP1-F7,F7-T7,T7-P7,P7-O1,FP1-F3,F3-C3,C3-P3,P3-O1,FP2-F4,F4-C4,C4-P4,P4-O2,FP2-F8,F8-T8,T8-P8-0,P8-O2,FZ-CZ,CZ-PZ,P7-T7,T7-FT9,FT9-FT10,T8-P8-1
chb02_18.edf,22,FP1-F7,F7-T7,T7-P7,P7-O1,FP1-F3,F3-C3,C3-P3,P3-O1,FP2-F4,F4-C4,C4-P4,P4-O2,FP2-F8,F8-T8,T8-P8-0,P8-O2,FZ-CZ,CZ-PZ,P7-T7,T7-FT9,FT9-FT10,T8-P8-1
chb02_19.edf,22,FP1-F7,F7-T7,T7-P7,P7-O1,FP1-F3,F3-C3,C3-P3,P3-O1,FP2-F4,F4-C4,C4-P4,P4-O2,FP2-F8,F8-T8,T8-P8-0,P8-O2,FZ-CZ,CZ-PZ,P7-T7,T7-FT9,FT9-FT10,T8-P8-1
chb02_20.edf,22,FP1-F7,F7-T7,T7-P7,P7-O1,FP1-F3,F3-C3,C3-P3,P3-O1,FP2-F4,F4-C4,C4-P4,P4-O2,FP2-F8,F8-T8,T8-P8-0,P8-O2,FZ-CZ,CZ-PZ,P7-T7,T7-FT9,FT9-FT10,T8-P8-1
chb02_21.edf,22,FP1-F7,F7-T7,T7-P7,P7-O1,FP1-F3,F3-C3,C3-P3,P3-O1,FP2-F4,F4-C4,C4-P4,P4-O2,FP2-F8,F8-T8,T8-P8-0,P8-O2,FZ-CZ,CZ-PZ,P7-T7,T7-FT9,FT9-FT10,T8-P8-1
chb02_22.edf,22,FP1-F7,F7-T7,T7-P7,P7-O1,FP1-F3,F3-C3,C3-P3,P3-O1,FP2-F4,F4-C4,C4-P4,P4-O2,FP2-F8,F8-T8,T8-P8-0,P8-O2,FZ-CZ,CZ-PZ,P7-T7,T7-FT9,FT9-FT10,T8-P8-1
chb02_23.edf,22,FP1-F7,F7-T7,T7-P7,P7-O1,FP1-F3,F3-C3,C3-P3,P3-O1,FP2-F4,F4-C4,C4-P4,P4-O2,FP2-F8,F8-T8,T8-P8-0,P8-O2,FZ-CZ,CZ-PZ,P7-T7,T7-FT9,FT9-FT10,T8-P8-1
chb02_24.edf,22,FP1-F7,F7-T7,T7-P7,P7-O1,FP1-F3,F3-C3,C3-P3,P3-O1,FP2-F4,F4-C4,C4-P4,P4-O2,FP2-F8,F8-T8,T8-P8-0,P8-O2,FZ-CZ,CZ-PZ,P7-T7,T7-FT9,FT9-FT10,T8-P8-1
chb02_25.edf,22,FP1-F7,F7-T7,T7-P7,P7-O1,FP1-F3,F3-C3,C3-P3,P3-O1,FP2-F4,F4-C4,C4-P4,P4-O2,FP2-F8,F8-T8,T8-P8-0,P8-O2,FZ-CZ,CZ-PZ,P7-T7,T7-FT9,FT9-FT10,T8-P8-1
chb02_26.edf,22,FP1-F7,F7-T7,T7-P7,P7-O1,FP1-F3,F3-C3,C3-P3,P3-O1,FP2-F4,F4-C4,C4-P4,P4-O2,FP2-F8,F8-T8,T8-P8-0,P8-O2,FZ-CZ,CZ-PZ,P7-T7,T7-FT9,FT9-FT10,T8-P8-1
chb02_27.edf,22,FP1-F7,F7-T7,T7-P7,P7-O1,FP1-F3,F3-C3,C3-P3,P3-O1,FP2-F4,F4-C4,C4-P4,P4-O2,FP2-F8,F8-T8,T8-P8-0,P8-O2,FZ-CZ,CZ-PZ,P7-T7,T7-FT9,FT9-FT10,T8-P8-1
chb02_28.edf,22,FP1-F7,F7-T7,T7-P7,P7-O1,FP1-F3,F3-C3,C3-P3,P3-O1,FP2-F4,F4-C4,C4-P4,P4-O2,FP2-F8,F8-T8,T8-P8-0,P8-O2,FZ-CZ,CZ-PZ,P7-T7,T7-FT9,FT9-FT10,T8-P8-1
chb02_29.edf,22,FP1-F7,F7-T7,T7-P7,P7-O1,FP1-F3,F3-C3,C3-P3,P3-O1,FP2-F4,F4-C4,C4-P4,P4-O2,FP2-F8,F8-T8,T8-P8-0,P8-O2,FZ-CZ,CZ-PZ,P7-T7,T7-FT9,FT9-FT10,T8-P8-1
chb02_30.edf,22,FP1-F7,F7-T7,T7-P7,P7-O1,FP1-F3,F3-C3,C3-P3,P3-O1,FP2-F4,F4-C4,C4-P4,P4-O2,FP2-F8,F8-T8,T8-P8-0,P8-O2,FZ-CZ,CZ-PZ,P7-T7,T7-FT9,FT9-FT10,T8-P8-1
chb02_31.edf,22,FP1-F7,F7-T7,T7-P7,P7-O1,FP1-F3,F3-C3,C3-P3,P3-O1,FP2-F4,F4-C4,C4-P4,P4-O2,FP2-F8,F8-T8,T8-P8-0,P8-O2,FZ-CZ,CZ-PZ,P7-T7,T7-FT9,FT9-FT10,T8-P8-1
chb02_32.edf,22,FP1-F7,F7-T7,T7-P7,P7-O1,FP1-F3,F3-C3,C3-P3,P3-O1,FP2-F4,F4-C4,C4-P4,P4-O2,FP2-F8,F8-T8,T8-P8-0,P8-O2,FZ-CZ,CZ-PZ,P7-T7,T7-FT9,FT9-FT10,T8-P8-1
chb02_33.edf,22,FP1-F7,F7-T7,T7-P7,P7-O1,FP1-F3,F3-C3,C3-P3,P3-O1,FP2-F4,F4-C4,C4-P4,P4-O2,FP2-F8,F8-T8,T8-P8-0,P8-O2,FZ-CZ,CZ-PZ,P7-T7,T7-FT9,FT9-FT10,T8-P8-1
chb02_34.edf,22,FP1-F7,F7-T7,T7-P7,P7-O1,FP1-F3,F3-C3,C3-P3,P3-O1,FP2-F4,F4-C4,C4-P4,P4-O2,FP2-F8,F8-T8,T8-P8-0,P8-O2,FZ-CZ,CZ-PZ,P7-T7,T7-FT9,FT9-FT10,T8-P8-1
chb02_35.edf,22,FP1-F7,F7-T7,T7-P7,P7-O1,FP1-F3,F3-C3,C3-P3,P3-O1,FP2-F4,F4-C4,C4-P4,P4-O2,FP2-F8,F8-T8,T8-P8-0,P8-O2,FZ-CZ,CZ-PZ,P7-T7,T7-FT9,FT9-FT10,T8-P8-1
chb03_01.edf,22,FP1-F7,F7-T7,T7-P7,P7-O1,FP1-F3,F3-C3,C3-P3,P3-O1,FP2-F4,F4-C4,C4-P4,P4-O2,FP2-F8,F8-T8,T8-P8-0,P8-O2,FZ-CZ,CZ-PZ,P7-T7,T7-FT9,FT9-FT10,T8-P8-1
chb03_02.edf,22,FP1-F7,F7-T7,T7-P7,P7-O1,FP1-F3,F3-C3,C3-P3,P3-O1,FP2-F4,F4-C4,C4-P4,P4-O2,FP2-F8,F8-T8,T8-P8-0,P8-O2,FZ-CZ,CZ-PZ,P7-T7,T7-FT9,FT9-FT10,T8-P8-1
chb03_03.edf,22,FP1-F7,F7-T7,T7-P7,P7-O1,FP1-F3,F3-C3,C3-P3,P3-O1,FP2-F4,F4-C4,C4-P4,P4-O2,FP2-F8,F8-T8,T8-P8-0,P8-O2,FZ-CZ,CZ-PZ,P7-T7,T7-FT9,FT9-FT10,T8-P8-1
chb03_04.edf,22,FP1-F7,F7-T7,T7-P7,P7-O1,FP1-F3,F3-C3,C3-P3,P3-O1,FP2-F4,F4-C4,C4-P4,P4-O2,FP2-F8,F8-T8,T8-P8-0,P8-O2,FZ-CZ,CZ-PZ,P7-T7,T7-FT9,FT9-FT10,T8-P8-1
chb03_05.edf,22,FP1-F7,F7-T7,T7-P7,P7-O1,FP1-F3,F3-C3,C3-P3,P3-O1,FP2-F4,F4-C4,C4-P4,P4-O2,FP2-F8,F8-T8,T8-P8-0,P8-O2,FZ-CZ,CZ-PZ,P7-T7,T7-FT9,FT9-FT10,T8-P8-1
chb03_06.edf,22,FP1-F7,F7-T7,T7-P7,P7-O1,FP1-F3,F3-C3,C3-P3,P3-O1,FP2-F4,F4-C4,C4-P4,P4-O2,FP2-F8,F8-T8,T8-P8-0,P8-O2,FZ-CZ,CZ-PZ,P7-T7,T7-FT9,FT9-FT10,T8-P8-1
chb03_07.edf,22,FP1-F7,F7-T7,T7-P7,P7-O1,FP1-F3,F3-C3,C3-P3,P3-O1,FP2-F4,F4-C4,C4-P4,P4-O2,FP2-F8,F8-T8,T8-P8-0,P8-O2,FZ-CZ,CZ-PZ,P7-T7,T7-FT9,FT9-FT10,T8-P8-1
chb03_08.edf,22,FP1-F7,F7-T7,T7-P7,P7-O1,FP1-F3,F3-C3,C3-P3,P3-O1,FP2-F4,F4-C4,C4-P4,P4-O2,FP2-F8,F8-T8,T8-P8-0,P8-O2,FZ-CZ,CZ-PZ,P7-T7,T7-FT9,FT9-FT10,T8-P8-1
chb03_09.edf,22,FP1-F7,F7-T7,T7-P7,P7-O1,FP1-F3,F3-C3,C3-P3,P3-O1,FP2-F4,F4-C4,C4-P4,P4-O2,FP2-F8,F8-T8,T8-P8-0,P8-O2,FZ-CZ,CZ-PZ,P7-T7,T7-FT9,FT9-FT10,T8-P8-1
chb03_10.edf,22,FP1-F7,F7-T7,T7-P7,P7-O1,FP1-F3,F3-C3,C3-P3,P3-O1,FP2-F4,F4-C4,C4-P4,P4-O2,FP2-F8,F8-T8,T8-P8-0,P8-O2,FZ-CZ,CZ-PZ,P7-T7,T7-FT9,FT9-FT10,T8-P8-1
chb03_11.edf,22,FP1-F7,F7-T7,T7-P7,P7-O1,FP1-F3,F3-C3,C3-P3,P3-O1,FP2-F4,F4-C4,C4-P4,P4-O2,FP2-F8,F8-T8,T8-P8-0,P8-O2,FZ-CZ,CZ-PZ,P7-T7,T7-FT9,FT9-FT10,T8-P8-1
chb03_12.edf,22,FP1-F7,F7-T7,T7-P7,P7-O1,FP1-F3,F3-C3,C3-P3,P3-O1,FP2-F4,F4-C4,C4-P4,P4-O2,FP2-F8,F8-T8,T8-P8-0,P8-O2,FZ-CZ,CZ-PZ,P7-T7,T7-FT9,FT9-FT10,T8-P8-1
chb03_13.edf,22,FP1-F7,F7-T7,T7-P7,P7-O1,FP1-F3,F3-C3,C3-P3,P3-O1,FP2-F4,F4-C4,C4-P4,P4-O2,FP2-F8,F8-T8,T8-P8-0,P8-O2,FZ-CZ,CZ-PZ,P7-T7,T7-FT9,FT9-FT10,T8-P8-1
chb03_14.edf,22,FP1-F7,F7-T7,T7-P7,P7-O1,FP1-F3,F3-C3,C3-P3,P3-O1,FP2-F4,F4-C4,C4-P4,P4-O2,FP2-F8,F8-T8,T8-P8-0,P8-O2,FZ-CZ,CZ-PZ,P7-T7,T7-FT9,FT9-FT10,T8-P8-1
chb03_15.edf,22,FP1-F7,F7-T7,T7-P7,P7-O1,FP1-F3,F3-C3,C3-P3,P3-O1,FP2-F4,F4-C4,C4-P4,P4-O2,FP2-F8,F8-T8,T8-P8-0,P8-O2,FZ-CZ,CZ-PZ,P7-T7,T7-FT9,FT9-FT10,T8-P8-1
chb03_16.edf,22,FP1-F7,F7-T7,T7-P7,P7-O1,FP1-F3,F3-C3,C3-P3,P3-O1,FP2-F4,F4-C4,C4-P4,P4-O2,FP2-F8,F8-T8,T8-P8-0,P8-O2,FZ-CZ,CZ-PZ,P7-T7,T7-FT9,FT9-FT10,T8-P8-1
chb03_17.edf,22,FP1-F7,F7-T7,T7-P7,P7-O1,FP1-F3,F3-C3,C3-P3,P3-O1,FP2-F4,F4-C4,C4-P4,P4-O2,FP2-F8,F8-T8,T8-P8-0,P8-O2,FZ-CZ,CZ-PZ,P7-T7,T7-FT9,FT9-FT10,T8-P8-1
chb03_18.edf,22,FP1-F7,F7-T7,T7-P7,P7-O1,FP1-F3,F3-C3,C3-P3,P3-O1,FP2-F4,F4-C4,C4-P4,P4-O2,FP2-F8,F8-T8,T8-P8-0,P8-O2,FZ-CZ,CZ-PZ,P7-T7,T7-FT9,FT9-FT10,T8-P8-1
chb03_19.edf,22,FP1-F7,F7-T7,T7-P7,P7-O1,FP1-F3,F3-C3,C3-P3,P3-O1,FP2-F4,F4-C4,C4-P4,P4-O2,FP2-F8,F8-T8,T8-P8-0,P8-O2,FZ-CZ,CZ-PZ,P7-T7,T7-FT9,FT9-FT10,T8-P8-1
chb03_20.edf,22,FP1-F7,F7-T7,T7-P7,P7-O1,FP1-F3,F3-C3,C3-P3,P3-O1,FP2-F4,F4-C4,C4-P4,P4-O2,FP2-F8,F8-T8,T8-P8-0,P8-O2,FZ-CZ,CZ-PZ,P7-T7,T7-FT9,FT9-FT10,T8-P8-1
chb03_21.edf,22,FP1-F7,F7-T7,T7-P7,P7-O1,FP1-F3,F3-C3,C3-P3,P3-O1,FP2-F4,F4-C4,C4-P4,P4-O2,FP2-F8,F8-T8,T8-P8-0,P8-O2,FZ-CZ,CZ-PZ,P7-T7,T7-FT9,FT9-FT10,T8-P8-1
chb03_22.edf,22,FP1-F7,F7-T7,T7-P7,P7-O1,FP1-F3,F3-C3,C3-P3,P3-O1,FP2-F4,F4-C4,C4-P4,P4-O2,FP2-F8,F8-T8,T8-P8-0,P8-O2,FZ-CZ,CZ-PZ,P7-T7,T7-FT9,FT9-FT10,T8-P8-1
chb03_23.edf,22,FP1-F7,F7-T7,T7-P7,P7-O1,FP1-F3,F3-C3,C3-P3,P3-O1,FP2-F4,F4-C4,C4-P4,P4-O2,FP2-F8,F8-T8,T8-P8-0,P8-O2,FZ-CZ,CZ-PZ,P7-T7,T7-FT9,FT9-FT10,T8-P8-1
chb03_24.edf,22,FP1-F7,F7-T7,T7-P7,P7-O1,FP1-F3,F3-C3,C3-P3,P3-O1,FP2-F4,F4-C4,C4-P4,P4-O2,FP2-F8,F8-T8,T8-P8-0,P8-O2,FZ-CZ,CZ-PZ,P7-T7,T7-FT9,FT9-FT10,T8-P8-1
chb03_25.edf,22,FP1-F7,F7-T7,T7-P7,P7-O1,FP1-F3,F3-C3,C3-P3,P3-O1,FP2-F4,F4-C4,C4-P4,P4-O2,FP2-F8,F8-T8,T8-P8-0,P8-O2,FZ-CZ,CZ-PZ,P7-T7,T7-FT9,FT9-FT10,T8-P8-1
chb03_26.edf,22,FP1-F7,F7-T7,T7-P7,P7-O1,FP1-F3,F3-C3,C3-P3,P3-O1,FP2-F4,F4-C4,C4-P4,P4-O2,FP2-F8,F8-T8,T8-P8-0,P8-O2,FZ-CZ,CZ-PZ,P7-T7,T7-FT9,FT9-FT10,T8-P8-1
chb03_27.edf,22,FP1-F7,F7-T7,T7-P7,P7-O1,FP1-F3,F3-C3,C3-P3,P3-O1,FP2-F4,F4-C4,C4-P4,P4-O2,FP2-F8,F8-T8,T8-P8-0,P8-O2,FZ-CZ,CZ-PZ,P7-T7,T7-FT9,FT9-FT10,T8-P8-1
chb03_28.edf,22,FP1-F7,F7-T7,T7-P7,P7-O1,FP1-F3,F3-C3,C3-P3,P3-O1,FP2-F4,F4-C4,C4-P4,P4-O2,FP2-F8,F8-T8,T8-P8-0,P8-O2,FZ-CZ,CZ-PZ,P7-T7,T7-FT9,FT9-FT10,T8-P8-1
chb03_29.edf,22,FP1-F7,F7-T7,T7-P7,P7-O1,FP1-F3,F3-C3,C3-P3,P3-O1,FP2-F4,F4-C4,C4-P4,P4-O2,FP2-F8,F8-T8,T8-P8-0,P8-O2,FZ-CZ,CZ-PZ,P7-T7,T7-FT9,FT9-FT10,T8-P8-1
chb03_30.edf,22,FP1-F7,F7-T7,T7-P7,P7-O1,FP1-F3,F3-C3,C3-P3,P3-O1,FP2-F4,F4-C4,C4-P4,P4-O2,FP2-F8,F8-T8,T8-P8-0,P8-O2,FZ-CZ,CZ-PZ,P7-T7,T7-FT9,FT9-FT10,T8-P8-1
chb03_31.edf,22,FP1-F7,F7-T7,T7-P7,P7-O1,FP1-F3,F3-C3,C3-P3,P3-O1,FP2-F4,F4-C4,C4-P4,P4-O2,FP2-F8,F8-T8,T8-P8-0,P8-O2,FZ-CZ,CZ-PZ,P7-T7,T7-FT9,FT9-FT10,T8-P8-1
chb03_32.edf,22,FP1-F7,F7-T7,T7-P7,P7-O1,FP1-F3,F3-C3,C3-P3,P3-O1,FP2-F4,F4-C4,C4-P4,P4-O2,FP2-F8,F8-T8,T8-P8-0,P8-O2,FZ-CZ,CZ-PZ,P7-T7,T7-FT9,FT9-FT10,T8-P8-1
chb03_33.edf,22,FP1-F7,F7-T7,T7-P7,P7-O1,FP1-F3,F3-C3,C3-P3,P3-O1,FP2-F4,F4-C4,C4-P4,P4-O2,FP2-F8,F8-T8,T8-P8-0,P8-O2,FZ-CZ,CZ-PZ,P7-T7,T7-FT9,FT9-FT10,T8-P8-1
chb03_34.edf,22,FP1-F7,F7-T7,T7-P7,P7-O1,FP1-F3,F3-C3,C3-P3,P3-O1,FP2-F4,F4-C4,C4-P4,P4-O2,FP2-F8,F8-T8,T8-P8-0,P8-O2,FZ-CZ,CZ-PZ,P7-T7,T7-FT9,FT9-FT10,T8-P8-1
chb03_35.edf,22,FP1-F7,F7-T7,T7-P7,P7-O1,FP1-F3,F3-C3,C3-P3,P3-O1,FP2-F4,F4-C4,C4-P4,P4-O2,FP2-F8,F8-T8,T8-P8-0,P8-O2,FZ-CZ,CZ-PZ,P7-T7,T7-FT9,FT9-FT10,T8-P8-1
chb03_36.edf,22,FP1-F7,F7-T7,T7-P7,P7-O1,FP1-F3,F3-C3,C3-P3,P3-O1,FP2-F4,F4-C4,C4-P4,P4-O2,FP2-F8,F8-T8,T8-P8-0,P8-O2,FZ-CZ,CZ-PZ,P7-T7,T7-FT9,FT9-FT10,T8-P8-1
chb03_37.edf,22,FP1-F7,F7-T7,T7-P7,P7-O1,FP1-F3,F3-C3,C3-P3,P3-O1,FP2-F4,F4-C4,C4-P4,P4-O2,FP2-F8,F8-T8,T8-P8-0,P8-O2,FZ-CZ,CZ-PZ,P7-T7,T7-FT9,FT9-FT10,T8-P8-1
chb03_38.edf,22,FP1-F7,F7-T7,T7-P7,P7-O1,FP1-F3,F3-C3,C3-P3,P3-O1,FP2-F4,F4-C4,C4-P4,P4-O2,FP2-F8,F8-T8,T8-P8-0,P8-O2,FZ-CZ,CZ-PZ,P7-T7,T7-FT9,FT9-FT10,T8-P8-1
